feature,importance
Weight,0.21084702192288424
Model_Year,0.12528570135519038
Horsepower,0.14614330740463663
Displacement,0.28634025070318914
Cylinders,0.19918475488438
Acceleration,0.026168732135007297
